energy_joules_1,energy_joules_2,nvprof_filename,run,xid
14.094305705,16.1310290785,cp_triangles_irgl_amazon0505_adjsym_1498145951.99.1.0.nvprof,0,1498145951.99.1
15.1946713115,19.7005316797,cp_triangles_irgl_amazon0505_adjsym_1498145951.99.1.1.nvprof,1,1498145951.99.1
14.9685952761,19.1918940189,cp_triangles_irgl_amazon0505_adjsym_1498145951.99.1.2.nvprof,2,1498145951.99.1
10.997313683,13.7021910417,cp_triangles_irgl_as20000102_adjsym_1498150033.16.1.1.nvprof,1,1498150033.16.1
11.4583865235,14.2772307504,cp_triangles_irgl_as20000102_adjsym_1498150033.16.1.2.nvprof,2,1498150033.16.1
14.3815275051,16.2604523698,cp_triangles_irgl_as20000102_adjsym_1498150033.16.1.0.nvprof,0,1498150033.16.1
