experiment,bmk,variant,input,time_ns_avg,time_ns_count,time_ns_sd,time_ns_sum,xid
tuxedo-gtx1080,ktruss,irgl,com-amazon.wgt32.sym,23038090.3333,3,91098.5025142,69114271,1497912040.62.1
tuxedo-gtx1080,ktruss,irgl,com-dblp.wgt32.sym,28777619.0,3,143369.949093,86332857,1497912033.81.1
tuxedo-gtx1080,ktruss,irgl,com-lj.wgt32.sym,1717698393.67,3,2394647.13716,5153095181,1497923100.89.1
tuxedo-gtx1080,ktruss,irgl,com-orkut.wgt32.sym,2.36361135314e+12,3,3169565765.71,7090834059412,1497912047.39.1
tuxedo-gtx1080,ktruss,irgl,com-youtube.wgt32.sym,1.16204342609e+12,3,1113191523.72,3486130278279,1497919514.29.1
tuxedo-gtx1080,ktruss,irgl,complete5_sm.sym,599012.0,3,5601.08462711,1797036,1497912027.73.1
tuxedo-gtx1080,ktruss,irgl,rmat16.sym.tri,194572489.667,3,13620889.8257,583717469,1497919506.49.1
